-- phpMyAdmin SQL Dump
-- version 3.5.2.2
-- http://www.phpmyadmin.net
--
-- Хост: localhost
-- Время создания: Авг 06 2015 г., 12:31
-- Версия сервера: 5.5.35-33.0
-- Версия PHP: 5.3.28

SET SQL_MODE="NO_AUTO_VALUE_ON_ZERO";
SET time_zone = "+00:00";


/*!40101 SET @OLD_CHARACTER_SET_CLIENT=@@CHARACTER_SET_CLIENT */;
/*!40101 SET @OLD_CHARACTER_SET_RESULTS=@@CHARACTER_SET_RESULTS */;
/*!40101 SET @OLD_COLLATION_CONNECTION=@@COLLATION_CONNECTION */;
/*!40101 SET NAMES utf8 */;

--
-- База данных: `u0072831_d2`
--

-- --------------------------------------------------------

--
-- Структура таблицы `category`
--

CREATE TABLE IF NOT EXISTS `category` (
  `id` int(11) NOT NULL AUTO_INCREMENT,
  `name` varchar(255) NOT NULL,
  PRIMARY KEY (`id`)
) ENGINE=InnoDB  DEFAULT CHARSET=utf8 AUTO_INCREMENT=9 ;

--
-- Дамп данных таблицы `category`
--

INSERT INTO `category` (`id`, `name`) VALUES
(1, 'МЫШЦЫ И СИЛА'),
(3, 'ЗДОРОВЬЕ И БЛАГОПОЛУЧИЕ'),
(5, 'ЭНЕРГИЯ И ВЫНОСЛИВОСТЬ'),
(6, 'СПОРТИВНАЯ ПРОИЗВОДИТЕЛЬНОСТЬ'),
(7, 'ДИЕТА И ПОТЕРЯ ВЕСА'),
(8, 'СУХАЯ МЫШЕЧНАЯ МАССА');

-- --------------------------------------------------------

--
-- Структура таблицы `config`
--

CREATE TABLE IF NOT EXISTS `config` (
  `id` int(11) NOT NULL AUTO_INCREMENT,
  `phone` varchar(16) NOT NULL,
  `mail_order` varchar(128) NOT NULL,
  `password_mail_order` varchar(128) NOT NULL,
  `manager_order_mail` varchar(128) NOT NULL,
  `manager_mail_scroll` varchar(128) NOT NULL,
  `yandex` text NOT NULL,
  PRIMARY KEY (`id`)
) ENGINE=InnoDB  DEFAULT CHARSET=utf8 AUTO_INCREMENT=2 ;

--
-- Дамп данных таблицы `config`
--

INSERT INTO `config` (`id`, `phone`, `mail_order`, `password_mail_order`, `manager_order_mail`, `manager_mail_scroll`, `yandex`) VALUES
(1, '8 000 000 00', 'i525643@gmail.com', '3W84R3GWxty', 'zakaz@efectiv.ru', 'mitridat115@yandex.ru', '<!-- Yandex.Metrika counter -->\r\n<script type="text/javascript">\r\n    (function (d, w, c) {\r\n        (w[c] = w[c] || []).push(function() {\r\n            try {\r\n                w.yaCounter31477398 = new Ya.Metrika({\r\n                    id:31477398,\r\n                    clickmap:true,\r\n                    trackLinks:true,\r\n                    accurateTrackBounce:true,\r\n                    webvisor:true\r\n                });\r\n            } catch(e) { }\r\n        });\r\n\r\n        var n = d.getElementsByTagName("script")[0],\r\n            s = d.createElement("script"),\r\n            f = function () { n.parentNode.insertBefore(s, n); };\r\n        s.type = "text/javascript";\r\n        s.async = true;\r\n        s.src = "https://mc.yandex.ru/metrika/watch.js";\r\n\r\n        if (w.opera == "[object Opera]") {\r\n            d.addEventListener("DOMContentLoaded", f, false);\r\n        } else { f(); }\r\n    })(document, window, "yandex_metrika_callbacks");\r\n</script>\r\n<noscript><div><img src="https://mc.yandex.ru/watch/31477398" style="position:absolute; left:-9999px;" alt="" /></div></noscript>\r\n<!-- /Yandex.Metrika counter -->\r\n');

-- --------------------------------------------------------

--
-- Структура таблицы `contactForm`
--

CREATE TABLE IF NOT EXISTS `contactForm` (
  `id` int(11) NOT NULL AUTO_INCREMENT,
  `email` varchar(32) NOT NULL,
  `commit` varchar(255) NOT NULL,
  `ip` varchar(32) NOT NULL,
  `name` varchar(64) NOT NULL,
  `phone` varchar(32) NOT NULL,
  `date` int(11) NOT NULL,
  `subscibe` int(11) NOT NULL,
  PRIMARY KEY (`id`)
) ENGINE=InnoDB DEFAULT CHARSET=utf8 AUTO_INCREMENT=1 ;

-- --------------------------------------------------------

--
-- Структура таблицы `info`
--

CREATE TABLE IF NOT EXISTS `info` (
  `id` int(11) NOT NULL AUTO_INCREMENT,
  `description` text NOT NULL,
  PRIMARY KEY (`id`)
) ENGINE=InnoDB  DEFAULT CHARSET=utf8 AUTO_INCREMENT=2 ;

--
-- Дамп данных таблицы `info`
--

INSERT INTO `info` (`id`, `description`) VALUES
(1, '<p><span style="font-size:14px"><span style="color:#FF0000"><u>Я приобрел прогноз и ставка не сыграла &ndash; что делать?</u></span></span></p>\r\n\r\n<p><span style="font-size:14px">Главное &ndash; не волноваться! Проигрыши &ndash; это часть нашей профессии. Проигрыши делают нас сильнее, мудрее, закаляют нас в профессиональном плане. Важно помнить, что заработок на ставках &ndash; это работа на дистанцию. Старайтесь ставить ежедневно не более 10% от банка на наши прогнозы &ndash; и по итогам месяца вы будете в хорошем плюсе. Просто взгляните на страницу статистики и убедитесь в этом сами!</span></p>\r\n');

-- --------------------------------------------------------

--
-- Структура таблицы `main`
--

CREATE TABLE IF NOT EXISTS `main` (
  `id` int(11) NOT NULL AUTO_INCREMENT,
  `name` varchar(32) NOT NULL,
  `body` text NOT NULL,
  PRIMARY KEY (`id`)
) ENGINE=InnoDB  DEFAULT CHARSET=utf8 AUTO_INCREMENT=2 ;

--
-- Дамп данных таблицы `main`
--

INSERT INTO `main` (`id`, `name`, `body`) VALUES
(1, 'Главная', '<p>123</p>\r\n');

-- --------------------------------------------------------

--
-- Структура таблицы `main_slider`
--

CREATE TABLE IF NOT EXISTS `main_slider` (
  `id` int(11) NOT NULL AUTO_INCREMENT,
  `preview` varchar(255) DEFAULT NULL,
  `bgr` varchar(255) DEFAULT NULL,
  PRIMARY KEY (`id`)
) ENGINE=InnoDB DEFAULT CHARSET=utf8 AUTO_INCREMENT=1 ;

-- --------------------------------------------------------

--
-- Структура таблицы `menu`
--

CREATE TABLE IF NOT EXISTS `menu` (
  `id` int(11) NOT NULL AUTO_INCREMENT,
  `name` varchar(16) NOT NULL,
  `z_index` int(11) NOT NULL,
  `body` text NOT NULL,
  `parent_id` int(11) NOT NULL,
  PRIMARY KEY (`id`)
) ENGINE=InnoDB  DEFAULT CHARSET=utf8 AUTO_INCREMENT=2 ;

--
-- Дамп данных таблицы `menu`
--

INSERT INTO `menu` (`id`, `name`, `z_index`, `body`, `parent_id`) VALUES
(1, 'Главная', 0, '<p style="margin-left:20px; text-align:justify"><img alt="" src="/uploads/ckeditor/f499345f146140d4e2e735cab414.JPG" style="float:left; height:400px; margin:7px 7px 7px 0px; width:267px" /></p>\r\n\r\n<p style="text-align:justify">Человек всегда хотел заглянуть в свое будущее.&nbsp;<br />\r\nВо всех мировых культурах можно найти&nbsp; различные виды<strong>предсказаний</strong>.&nbsp;<br />\r\nИх цель &ndash;&nbsp; увидеть&nbsp; грядущие события и ситуации, чтобы потом по возможности избежать многих неприятностей и хотя бы слегка обеспечить благополучие и стабильность в жизни.</p>\r\n\r\n<p style="text-align:justify"><strong>Гадание</strong>&nbsp;было&nbsp; значительным элементом всех древних верований и религий. Есть свидетельства, что в течение сотен лет предсказания на<strong>картах Таро</strong>&nbsp;были востребованным средством получения информации по интересующим людей вопросам.</p>\r\n\r\n<p style="text-align:justify">Многие виды искусства&nbsp;<strong>предсказания будущего</strong>&nbsp;передавались из одного&nbsp; поколения в другое. Наиболее известна такая предсказательная система, как&nbsp;<strong>карты Таро</strong>.</p>\r\n\r\n<p style="text-align:justify">Каждый из нас, наверное, хотя бы раз слышал о магических картах Таро. Возникновение карт окутано тайной, никто точно не знает, откуда они взялись, существуют только догадки и красивые легенды.</p>\r\n\r\n<p style="text-align:justify">Что можно узнать с помощью карт Таро, на какие вопросы получить ответы? Да практически на любой вопрос карты Таро могут дать ответ, посоветовать, как поступить в той или иной ситуации.</p>\r\n\r\n<p style="text-align:justify">Конечно, наиболее всего людей волнуют вопросы&nbsp;<strong>взаимоотношений</strong>&nbsp;с другим человеком, стоит ли с ним дальше строить отношения, чего от него можно ожидать, не завел ли он (она) себе другую. А&nbsp; может быть&nbsp; вообще не стоит даже начинать эти отношения, потому что ничего, кроме боли и обид они не принесут?</p>\r\n\r\n<p style="text-align:justify">Кстати, мне задают вопрос, можно ли&nbsp;<strong>гадать</strong>&nbsp;на иностранца. Конечно, можно. Производить гадание можно на человека любой национальности, вероисповедания и живущего в любом уголке земли. Для карт это не имеет значения.</p>\r\n\r\n<p style="text-align:justify">Ответят карты Таро и на вопросы, связанные с бизнесом: чего можно ожидать при его открытии, как будут вести себя конкуренты, чего опасаться, как будет развиваться ситуация в дальнейшем.</p>\r\n\r\n<p style="text-align:justify">С помощью карт Таро можно четко увидеть, какое на человеке имеется<strong>магическое воздействие</strong>: порча, сглазы, привороты, проклятья, подселенцы, импланты, в каком состоянии находится его защита и энергетика.&nbsp;</p>\r\n\r\n<p style="text-align:justify">Карты посоветуют, что нужно делать в этом случае, как избавиться от этого &laquo;добра&raquo;, которое на вас повесили &laquo;добрые люди&raquo;.</p>\r\n\r\n<p style="text-align:justify">Вы можете получить ответ и о состоянии здоровья, но этот вид гадания<strong>тарологи</strong>&nbsp;выполняют неохотно. Оно и понятно: это большая ответственность. А умный таролог должен работать, как и врач, по принципу: &laquo;Не навреди!&raquo;&nbsp;<br />\r\nНо если человеку предстоит какое-то серьезное лечение или операция, конечно, ему хочется знать, будет ли от этого толк.</p>\r\n\r\n<p style="text-align:justify">Я практикую гадание на картах Таро уже много лет, достигла определённого уровня, что позволяет мне профессионально оказывать услуги по гаданию и предсказанию на Таро тем, кто ко мне обращается.<br />\r\nПрактикую как личный прием, так и гадание по телефону, по фотографии - то есть удалённое гадание без присутствия гадающего.</p>\r\n\r\n<p style="text-align:justify">Удалённое гадание ничем не хуже, чем если бы вы сидели рядом со мной и видели сам процесс. Иногда это даже лучше, потому что гадающий не влияет своими мыслями, эмоциями, желаниями на карты, а значит и на результат более достоверный.</p>\r\n\r\n<p style="text-align:justify">Система Таро способна помочь в решении многих жизненно важных вопросов, а я , таролог Галина Мирова, постараюсь&nbsp; помочь&nbsp; вам в этом.</p>\r\n', 0);

-- --------------------------------------------------------

--
-- Структура таблицы `meta_tags`
--

CREATE TABLE IF NOT EXISTS `meta_tags` (
  `id` int(11) NOT NULL AUTO_INCREMENT,
  `meta_keywords` text,
  `meta_title` text,
  `meta_description` text,
  `name_page` varchar(64) NOT NULL,
  PRIMARY KEY (`id`)
) ENGINE=InnoDB  DEFAULT CHARSET=utf8 AUTO_INCREMENT=6 ;

--
-- Дамп данных таблицы `meta_tags`
--

INSERT INTO `meta_tags` (`id`, `meta_keywords`, `meta_title`, `meta_description`, `name_page`) VALUES
(1, 'Главная', 'Главная', 'Главная', 'Главная'),
(2, 'О компании', 'О компании', 'О компании', 'О компании'),
(3, 'Продукты', 'Продукты', 'Продукты', 'Продукты'),
(4, 'Заказать', 'Заказать', 'Заказать', 'Заказать'),
(5, 'Контакты', 'Контакты', 'Контакты', 'Контакты');

-- --------------------------------------------------------

--
-- Структура таблицы `orderForm`
--

CREATE TABLE IF NOT EXISTS `orderForm` (
  `id` int(11) NOT NULL AUTO_INCREMENT,
  `name` varchar(64) NOT NULL,
  `phone` varchar(16) NOT NULL,
  `email` varchar(128) NOT NULL,
  `face` varchar(64) NOT NULL,
  `commit` text NOT NULL,
  `date` int(11) NOT NULL,
  `subscr` int(11) DEFAULT NULL,
  `my_order` text,
  `ip` varchar(64) NOT NULL,
  PRIMARY KEY (`id`)
) ENGINE=InnoDB  DEFAULT CHARSET=utf8 AUTO_INCREMENT=117 ;

--
-- Дамп данных таблицы `orderForm`
--

INSERT INTO `orderForm` (`id`, `name`, `phone`, `email`, `face`, `commit`, `date`, `subscr`, `my_order`, `ip`) VALUES
(57, 'тетст1', 'тетст2', 'тетст3', 'тетст4', 'тетст5', 1438316107, 1, ' Efectiv mass   ДВОЙНОЙ ШОКОЛАД (5,46 кг) - 2шт.\r\n\r\n Efectiv mass   Ваниль (5,46 кг) - 1шт.\r\n\r\n Efectiv Dessert  Ваниль (908 гр.) - 1шт.\r\n\r\n Efectiv Dessert  КЛУБНИЧНЫЙ ЧИЗКЕЙК  (908 гр.) - 1шт.\r\n\r\n', '94.137.9.94'),
(58, '', '', '', 'Елена', '', 1438339507, 1, ' BCAA XTRA  без вкуса (180 капсул) - 1шт.<br/>', '109.120.27.73'),
(59, 'Www', '3667678', 'Gfghh', '', '', 1438340131, 1, ' Efectiv aim  ВИШНЕВЫЙ ПУНШ (420 гр.) - 1шт.<br/> BCAA XTRA  без вкуса (180 капсул) - 1шт.<br/>', '66.249.81.230'),
(60, 'Елена', '', 'Baranbaeva@gmail.com', 'Ооо "василек"', '', 1438340397, 1, ' Efectiv creatine   без вкуса (400 гр.) - 1шт.<br/>', '176.59.128.201'),
(61, 'Dfgh', 'Ccv', 'Cfg', 'Fgg', '', 1438340439, 1, NULL, '66.249.81.230'),
(62, 'Fdd', 'Cggfx', 'Fddg', 'Gdcf', 'Dachshund\r\nGfsf\r\n', 1438340518, 0, NULL, '66.249.81.233'),
(63, 'Паа', '4333', 'Ппп', '', '', 1438340544, 1, NULL, '94.137.9.94'),
(64, '', '', '', '', '', 1438340794, 1, NULL, '193.169.53.115'),
(65, '', '', '', '', '', 1438340844, 1, NULL, '217.118.79.42'),
(66, '', '123', '', '', '', 1438346595, 1, NULL, '94.137.9.94'),
(67, '', 'Впр', '', '', '', 1438346693, 1, NULL, '94.137.9.94'),
(68, 'Н', 'По', '', '', '', 1438346929, 1, NULL, '94.137.9.94'),
(69, 'Проо', 'Прир', 'Проо', 'Пооо', 'Прро', 1438348917, 1, NULL, '94.137.9.94'),
(70, 'Аор', 'При', 'Про', 'Про', 'Про\r\n', 1438349026, 1, NULL, '94.137.9.94'),
(71, 'Пр', 'Птр', 'Пр', 'Пр', 'П', 1438349076, 1, NULL, '94.137.9.94'),
(72, 'Гпп', 'Пррр', 'Пррр', 'Пап', '', 1438349154, 1, NULL, '94.137.9.94'),
(73, 'Шеппаппп', 'Пап', 'Роо', 'Рр', '', 1438349210, 1, NULL, '94.137.9.94'),
(74, 'Ппп', 'Ммми', 'Мир', 'Ррор', '\r\n', 1438349611, 1, NULL, '94.137.9.94'),
(76, 'Прир', 'Про', 'Прр', '', 'Вппп', 1438349696, 1, NULL, '94.137.9.94'),
(77, 'Ппр', 'ро', 'Иир', 'Ит', '', 1438349729, 1, NULL, '94.137.9.94'),
(78, 'Апр', 'Ирр', 'Ирр', 'Пр', '', 1438349820, 1, ' BCAA XTRA  без вкуса (180 капсул) - 1шт.<br/>', '94.137.9.94'),
(79, 'Ваа', 'Аапава', 'Апр', 'Сми', '', 1438350357, 1, ' BCAA XTRA  без вкуса (180 капсул) - 1шт.<br/>', '94.137.9.94'),
(80, 'Вар', 'Вва', '', '', '', 1438350385, 1, ' BCAA XTRA  без вкуса (180 капсул) - 1шт.<br/>', '94.137.9.94'),
(81, 'Рппк', 'Пррр', '', '', '', 1438350416, 1, NULL, '94.137.9.94'),
(82, '', 'Кепрп', '', '', '', 1438350428, 1, NULL, '94.137.9.94'),
(83, '', 'Раои', '', '', '', 1438350441, 1, NULL, '94.137.9.94'),
(84, 'Аро', 'Сми', 'Мми', '', '', 1438350490, 1, ' EFECTIV ALL-IN-ONE  ДВОЙНОЙ ШОКОЛАД (4 кг) - 1шт.<br/> Efectiv aim  ВИШНЕВЫЙ ПУНШ (420 гр.) - 1шт.<br/>', '94.137.9.94'),
(85, 'Аро', 'Сми', 'Мми', '', '', 1438350490, 1, ' EFECTIV ALL-IN-ONE  ДВОЙНОЙ ШОКОЛАД (4 кг) - 1шт.<br/> Efectiv aim  ВИШНЕВЫЙ ПУНШ (420 гр.) - 1шт.<br/>', '94.137.9.94'),
(86, 'Аро', 'Сми', 'Мми', '', '', 1438350491, 1, ' EFECTIV ALL-IN-ONE  ДВОЙНОЙ ШОКОЛАД (4 кг) - 1шт.<br/> Efectiv aim  ВИШНЕВЫЙ ПУНШ (420 гр.) - 1шт.<br/>', '94.137.9.94'),
(87, 'sefsefwefr', '123', '', '', '', 1438350567, 1, NULL, '94.137.9.94'),
(88, '', 'Ппр', '', '', '', 1438350582, 1, NULL, '94.137.9.94'),
(89, '', 'Апр', '', '', '', 1438350614, 1, NULL, '94.137.9.94'),
(90, 'Пр', 'аа', 'Пс', 'Им', 'И', 1438350838, 1, NULL, '94.137.9.94'),
(91, 'Ррр', '5764674', '', '', 'По\r\n\r\n\r\n', 1438414665, 1, ' EFECTIV ALL-IN-ONE  ДВОЙНОЙ ШОКОЛАД (4 кг) - 1шт.<br/> Efectiv Dessert  КЛУБНИЧНЫЙ ЧИЗКЕЙК  (908 гр.) - 1шт.<br/>', '217.118.79.44'),
(92, 'Ррр', '5764674', '', '', 'По\r\n\r\n\r\n', 1438414665, 1, ' EFECTIV ALL-IN-ONE  ДВОЙНОЙ ШОКОЛАД (4 кг) - 1шт.<br/> Efectiv Dessert  КЛУБНИЧНЫЙ ЧИЗКЕЙК  (908 гр.) - 1шт.<br/>', '217.118.79.44'),
(93, 'Елена', '8902970', 'Baranbaeva@gmail.com', '', '', 1438574831, 1, NULL, '94.137.49.88'),
(94, 'Medved', '123456', 'medved@rus.ru', '', 'Privet!', 1438585026, 1, NULL, '94.137.9.94'),
(95, 'sdf', '123', 'mi@mi.mi', '', 'awdaw', 1438585093, 1, NULL, '94.137.9.94'),
(96, '123123', '123', 'mi@mi.mi', '', '', 1438585312, 1, NULL, '94.137.9.94'),
(97, 'sdf', '123', 'mi@mi.mi', '', '', 1438585498, 1, NULL, '94.137.9.94'),
(98, 'sdf', '123', 'mi@mi.mi', '', '', 1438586325, 1, NULL, '94.137.9.94'),
(99, 'sdf', '123455', 'mi@mi.mi', '', 'qwerty', 1438587203, 1, NULL, '94.137.9.94'),
(100, 'asd', '123', 'mi@mi.mi', '', 'asd', 1438587288, 1, NULL, '94.137.9.94'),
(101, 'sdf', '123', 'mi@mi.mi', '', '', 1438587631, 1, NULL, '94.137.9.94'),
(102, 'sdf', '123', 'mi@mi.mi', '', '', 1438587701, 1, NULL, '94.137.9.94'),
(103, 'asd', '123', 'mi@mi.mi', '', '', 1438588241, 1, NULL, '94.137.9.94'),
(104, 'asd', '123', 'mi@mi.mi', '', '', 1438588755, 1, NULL, '94.137.9.94'),
(105, 'sdf', '123', 'awd@ada.swedr', '', '', 1438588816, 1, NULL, '94.137.9.94'),
(106, 'sdf', '123', 'mi@mi.mi', '', '', 1438589034, 1, NULL, '94.137.9.94'),
(107, 'sdf', '123455', 'mi@mi.mi', '', 'qasd', 1438589113, 1, NULL, '94.137.9.94'),
(108, 'sdf', '123', 'mi@mi.mi', '', '', 1438589223, 1, NULL, '94.137.9.94'),
(109, 'sdf', '123', 'mi@mi.mi', '', '', 1438589302, 1, NULL, '94.137.9.94'),
(110, 'sdf', '123', 'mi@mi.mi', '', '', 1438589338, 1, NULL, '94.137.9.94'),
(111, 'asd', '123', 'mi@mi.mi', '', '', 1438589411, 1, NULL, '94.137.9.94'),
(112, 'asd', '123455', 'mi@mi.mi', '', '', 1438589992, 1, NULL, '94.137.9.94'),
(113, 'sdf', '123', 'mi@mi.mi', '', '', 1438590230, 1, NULL, '94.137.9.94'),
(114, 'sdf', '123', 'mi@mi.mi', '', '', 1438590329, 1, NULL, '94.137.9.94'),
(115, 'asd', '123', 'mi@mi.mi', '', '', 1438591049, 1, NULL, '94.137.9.94'),
(116, 'Мое имя', '231234123', 'ddd@ff.ru', 'ООО Пупкин', 'Вот так', 1438838518, 1, ' EFECTIV ALL-IN-ONE  ДВОЙНОЙ ШОКОЛАД (4 кг) - 1шт.<br/> Efectiv aim  ВИШНЕВЫЙ ПУНШ (420 гр.) - 1шт.<br/> BCAA XTRA  без вкуса (180 капсул) - 1шт.<br/>', '94.137.9.94');

-- --------------------------------------------------------

--
-- Структура таблицы `product`
--

CREATE TABLE IF NOT EXISTS `product` (
  `id` int(11) NOT NULL AUTO_INCREMENT,
  `name` varchar(255) NOT NULL,
  `sub_name` varchar(255) NOT NULL,
  `properties` text NOT NULL,
  `nutritional_value` text NOT NULL,
  `description` text NOT NULL,
  `orange_1` varchar(32) NOT NULL,
  `black_1` varchar(32) NOT NULL,
  `orange_2` varchar(32) NOT NULL,
  `black_2` varchar(32) NOT NULL,
  `orange_3` varchar(32) NOT NULL,
  `black_3` varchar(32) NOT NULL,
  `preview` varchar(64) NOT NULL,
  PRIMARY KEY (`id`)
) ENGINE=InnoDB  DEFAULT CHARSET=utf8 AUTO_INCREMENT=27 ;

--
-- Дамп данных таблицы `product`
--

INSERT INTO `product` (`id`, `name`, `sub_name`, `properties`, `nutritional_value`, `description`, `orange_1`, `black_1`, `orange_2`, `black_2`, `orange_3`, `black_3`, `preview`) VALUES
(14, 'PRO-VIT sport', 'АКТИВНЫЙ МУЛЬТИВИТАМИННЫЙ КОМПЛЕКС', 'a:1:{i:0;s:0:"";}', '<p>Витамин A: (50% бета каротина, 50% ацетата) 800 мкг (100%) Витамин D: 25 мкг (501%) Витамин E: 75 мг (625%) Витамин C: 250 мг (312%) Тиамин: 15 мг (1365%) Рибофлавин: 15 мг (1071%) Ниацин: 25 мг (156%) Витамин B6: 3 мг (214%) Фолиевая кислота: 400 мкг (200%) Витамин B12 50 мкг (2004%) Биотин: 100 мкг (200%) Pantothenic Acid: 15 мг (249%) Кальций: 635 мг (73%) Магний: 100 мг (27%)&nbsp;Цинк: 25 мкг (250%) Медь: 5 мкг (500%) Марганец: 2.5 мкг (125%) Селен: 150 мкг (273%) Хром: 100 мкг (250%) Молибден: 75 мкг (150%) Йод: 75 мкг (50%)&nbsp;<br />\r\nАктивная смесь: аргинин(50 мг), альфа липоевая кислота (20 мг), инозитол (15 мг) , холин (10 мг), бетаин (15 мг) Комплекс фитонутриентов из овощей и фруктов: экстракт виноградной косточки (25 мг), экстракт листьев зеленого чая (25 мг), порошок папайи (15 мг), бромелаин (15 мг), экстракт листьев шпината (15 мг), экстракт ягод черники (15 мг), пектин из кожуры грейпфрута (15 мг), экстракт ягод клюквы (15 мг), экстракт ягод черной смородины (15 мг), экстракт цветков брокколи (15 мг), цитрусовые биофлавоноиды.</p>\r\n', '<p>+ АНТИОКСИДАНТЫ И ФИТОПИТАТЕЛЬНЫЕ ЭЛЕМЕНТЫ</p>\r\n\r\n<p>+ ЭНЕРГИЯ И ЖИЗНЕННАЯ СИЛА &nbsp;</p>\r\n\r\n<p>+ ЗДОРОВАЯ ИММУННАЯ СИСТЕМА</p>\r\n\r\n<p>+ КРЕПКИЕ КОСТИ И СУСТАВЫ</p>\r\n\r\n<p>+ ВЫВЕДЕНИЕ БЕЛКА И УГЛЕВОДОВ</p>\r\n\r\n<p>+ ПОДХОДИТ ДЛЯ МУЖЧИН И ЖЕНЩИН</p>\r\n', '38', 'ОПТИМАЛЬНЫХ<br>КОМПОНЕНТА', '12', 'ФИТОПИТАТЕЛЬНЫХ<br>ЭЛЕМЕНТОВ ', '30', 'СУТОЧНЫХ<br>ДОЗ    ', '1491d564de5529f529652763f051.png'),
(15, 'ZM PRO', 'оптимальная мужская формула', 'a:1:{i:0;s:0:"";}', '<p>Фасовка: 90 капсул</p>\r\n\r\n<p>Размер порции: 3 капсулы</p>\r\n\r\n<p>Порций в банке: 30&nbsp;</p>\r\n\r\n<p>Состав порции:&nbsp;<br />\r\nВитамин B6: 10.5 мг Магния цитрат/оксид: 450 мг Цинка монометионин: 30 мг&nbsp;</p>\r\n\r\n<p>Иные ингредиенты: оболочка капсулы (желатин), противосклеивающее вещество (магния стеарат)</p>\r\n\r\n<p>&nbsp;</p>\r\n', '<p>ZMA &ndash; популярная добавка для повышения уровня тестостерона, улучшения сна, и, как следствие, ускорения набора мышечной массы. Два основных минерала и витамин В6 помогут атлету быстрее добиться поставленных целей.</p>\r\n\r\n<p>&nbsp;</p>\r\n\r\n<div class="box_info_product_title">Применение</div>\r\n\r\n<p>3 капсулы на голодный желудок за 20-30 минут до сна</p>\r\n', '', '', '', '', '', '', 'f2c974f1b9c04864e7f6bb2d6ea3.png'),
(16, 'Efectiv WHEY', 'Продвинутый протеиновый комплекс', 'a:1:{i:0;s:0:"";}', '<p>Фасовка: 2 кг</p>\r\n\r\n<p>Размер порции: 1 мерная ложка (30 гр)</p>\r\n\r\n<p>Порций в пакете: 67 &nbsp;</p>\r\n\r\n<p>Состав порции: &nbsp;</p>\r\n\r\n<p>Всего калорий: 115 ккал</p>\r\n\r\n<p>Белок: 21 гр</p>\r\n\r\n<p>Всего углеводов: 3,4 гр - сахара 2,5 гр - клетчатка 0,4 гр</p>\r\n\r\n<p>Жиров: 2 гр - насыщенных жиров 0,8 гр</p>\r\n\r\n<p>Натрий: 25 мг</p>\r\n\r\n<p>Состав: концентрат сывороточного протеина, концентрат молочного протеина, обезжиренное сухое молоко, обезжиренный порошок какао, порошок подсолнечного масла, шоколадный наполнитель, загуститель (карбоксиметиловая целлюлоза), подсластитель (сукралоза) Внимание! Состав может незначительно разниться в зависимости от вкуса продукта</p>\r\n', '<p>Отличное сочетание сывороточного концентрата и белка цельного молока. Фактически, Efectiv Whey &ndash; смесь сыворотки и казеина, а такое сочетание делает продукт универсальным для употребления как после тренировки, так и в течение дня.</p>\r\n\r\n<p>НЕВЕРОЯТНО вкусный Efectiv Whey! Вы обязательно поймаете себя на мысли, что давно не пили вкусного протеина. Мягкие, ненавязчивые вкусы. Молочные коктейли, как в детстве, без лишних привкусов, примесей и резких ароматизаторов.</p>\r\n\r\n<p>&nbsp;</p>\r\n\r\n<div class="box_info_product_title">Применение</div>\r\n\r\n<p>1-3 порции в течение дня: сразу после пробужения и/или за 40 минут до тренировки и/или сразу после тренировки, между приемами пищи.</p>\r\n', '', '', '', '', '', '', 'fadc729d02bd0796b533bc8b2c2f.png'),
(17, 'OMEGA 3 SPORT', 'Омега-3 жирные кислоты из рыбьего жира ', 'a:1:{i:0;s:0:"";}', '<p>Состав порции: 1 капсула</p>\r\n\r\n<p>Порций в банке: 180</p>\r\n\r\n<p>Рыбий жир: 1 гр - эйкоапентаеновая кислота (EPA) 180 мг - докозагексаеновая кислота (DHA) 120 мг - всего омега 3 жирных кислот 300мг</p>\r\n\r\n<p>&nbsp;</p>\r\n', '<p>Омега-3 жирные кислоты из рыбьего жира &ndash; добавка обладающая широким спектром действия, от антиоксидантных свойств до помощи в выработке гормонов. Является незаменимым помощником любого спортсмена на каждом из этапов тренировок.</p>\r\n\r\n<p>Состав: рыбий жир, гелевая капсула (желатин, глицерин, очищенная вода), dlальфа токоферола ацетат, комплекс антиоксидантов (смесь токоферолов).&nbsp;</p>\r\n\r\n<p>&nbsp;</p>\r\n\r\n<div class="box_info_product_title">Применение</div>\r\n\r\n<p>1-4 капсулы в день с приемами пищи.</p>\r\n', '', '', '', '', '', '', 'a3b183847bc7211f63eeb0b1b9cb.png'),
(18, 'Efectiv mass ', 'Высокоуглеводный гейнер ', 'a:1:{i:0;s:0:"";}', '<p>Фасовка: 5,46 кг</p>\r\n\r\n<p>Размер порции: 3 мерных ложки (260 гр)</p>\r\n\r\n<p>Порций в мешке: 21&nbsp;<br />\r\nСостав порции:&nbsp;<br />\r\nВсего калорий: 1000 ккал</p>\r\n\r\n<p>Белка: 40 гр</p>\r\n\r\n<p>Углеводов: 199 гр</p>\r\n\r\n<p>Сахара: 1 гр</p>\r\n\r\n<p>Клетчатка: 5 гр</p>\r\n\r\n<p>Всего жиров: 5 гр Насыщенных жиров:</p>\r\n\r\n<p>1 гр Натрий: 25 мг Калий: 1550 мг Кальций: 601 мг Магний: 310 мг&nbsp;Фосфор: 1217 мг Марганец: 2 мг Цинк: 9 мг Хром: 8 мкг Тиамин (B1): 0.88 мг Рибофлавин (B2): 1.12 мг Никотинамид (B3): 12.8 мг Пантотенат кальция (B5): 4.8 мг Пиридоксин (B6): 1.12 мг Цианокобаламин (B12): 2 мкг Аскорбиновая кислота (C): 64 мг Холекальцеферол: 4 мкг dl-альфа токоферола ацетат: 9.6 мг&nbsp;<br />\r\nКреатина моногидрат: 1600 мг Глютамин: 400 мг Бета аланин: 77 мг</p>\r\n', '<p>Высокоуглеводный гейнер с соотношением белок:углевод 1:5 отлично подойдет для худощавых людей, желающих быстро нарастить мышечную массу. 1000 калорий в порции, большое количество углеводов, креатин, глютамин, бета-аланин &ndash; отличное сочетание для наращивания мышц.</p>\r\n\r\n<p>&nbsp;</p>\r\n\r\n<div class="box_info_product_title">Применение</div>\r\n\r\n<p>&frac12;-2 порции в течение дня: вместо завтрака, через 1,5-2 часа после завтрака, за 1 час до тренировки, сразу после тренировки.</p>\r\n\r\n<p>&nbsp;</p>\r\n', '', '', '', '', '', '', '7dceb35568c084172c9ec4ad7682.png'),
(19, 'Efectiv creatine ', 'Классический креатин', 'a:1:{i:0;s:0:"";}', '<p>Фасовка: 400 гр.<br />\r\nРазмер порции: 5 гр.<br />\r\nСостав: микронизированный креатина моногидрат<br />\r\nПорций в банке: 80</p>\r\n', '<p>Креатин &ndash; специфическое вещество, заметно повышающее выносливость атлета. Самая распространенная, изученная и эффективная форма креатин &ndash; моногидрат. Уже через 7-10 дней после начала приема рабочие веса у спортсменов, принимающих креатин, вырастают от 5-20%, мышцы становятся более полными и округлыми.</p>\r\n\r\n<p>&nbsp;</p>\r\n\r\n<div class="box_info_product_title">Применение</div>\r\n\r\n<p>2 чайные ложки 1 раз в день после еды</p>\r\n', '', '', '', '', '', '', '64042b952e183966fe79b9e909af.png'),
(20, 'BCAA XTRA', 'BСАА НЕЗАМЕНИМЫЕ АМИНОКИСЛОТЫ', 'a:1:{i:0;s:0:"";}', '<p>Фасовка: 180 таблеток</p>\r\n\r\n<p>Размер порции: 3 таблетки</p>\r\n\r\n<p>Порций в банке: 60 &nbsp;</p>\r\n\r\n<p>Состав порции: &nbsp;</p>\r\n\r\n<p>Лейцин 1500 мг</p>\r\n\r\n<p>Изолейцин 750 мг</p>\r\n\r\n<p>Валин 750 мг</p>\r\n\r\n<p>Витамин B6 3 мг 214% РДН</p>\r\n\r\n<p>&nbsp;</p>\r\n', '<p>БСАА аминокислоты являются незамениными, то есть не могут вырабатываться в организме, а получить их мы можем только из пищи и добавок. Увеличенное потребление бсаа в &laquo;критические&raquo; для организма моменты &ndash; после пробуждения, до/во время/после тренировки и на ночь позволяет снизить уровень кортизола &ndash; гормона, разрушающего мышцы, предотвратить катаболизм, ускорить восстановление и увеличить выносливость спортсмена.</p>\r\n\r\n<p>&nbsp;</p>\r\n\r\n<div class="box_info_product_title">Применение</div>\r\n\r\n<p>по 3 таблетки до и после тренировки</p>\r\n', '', '', '', '', '', '', '21063ef383c771205d9ca96d76ea.png'),
(21, 'Efectiv aim', 'Аминокислотный комплекс', 'a:1:{i:0;s:0:"";}', '<p>инстантизированный порошок аминокислот с разветвлёнными цепями (Ллейцин, Л-изолейцин, Л-Валин), Л-Глютамин, Л-Цитруллин, Таурин, Мальтодекстрин, лимонная кислота, вишневый ароматизатор, краситель (свекольно-красный), подсластитель (сукралоза)&nbsp;</p>\r\n\r\n<p>&nbsp;</p>\r\n\r\n<p>30 порций (420 г)</p>\r\n\r\n<p>14 г на порцию</p>\r\n\r\n<p>Энергия (кДж/Ккал) 222/53</p>\r\n\r\n<p>Белок 12.0 г.</p>\r\n\r\n<p>Сахара 0 г.</p>\r\n\r\n<p>Глютамин 5.0 г.</p>\r\n\r\n<p>Лейцин 2.5 г.</p>\r\n\r\n<p>Изолейцин 1.25 г.</p>\r\n\r\n<p>Валин 1.25 г.</p>\r\n\r\n<p>Таурин 1.0 г</p>\r\n\r\n<p>Цитруллин 1.0 г.</p>\r\n\r\n<p>&nbsp;</p>\r\n', '<p>Аминокислотный комплекс в виде растворимого порошка &ndash; отличный вариант для людей, ведущих активный образ жизни и всех спортсменов. Не нужно носить с собой банку с пилюлями или контейнер, достаточно просто размешать 1-2 порции в своем шейкере и пить Efectiv AIM в течение дня для поддержания уровня важнейших аминокислот в крови либо во время тренировки для питания мышц, восстановления и роста.</p>\r\n\r\n<p>&nbsp;</p>\r\n\r\n<div class="box_info_product_title">Применение</div>\r\n\r\n<p>1-2 порции в течение тренировки.</p>\r\n\r\n<p>&nbsp;</p>\r\n', '', '', '', '', '', '', 'f5be3747f71c93204446e8d08360.png'),
(22, 'Efectiv Dessert', 'ИЗОЛЯТ СЫВОРОТОЧНОГО БЕЛКА', 'a:1:{i:0;s:0:"";}', '<p>Размер порции - 30 грамм (1 мерный совочек)</p>\r\n\r\n<p>Порций в упаковке - 30</p>\r\n\r\n<p>На порцию:</p>\r\n\r\n<p>108ккал</p>\r\n\r\n<p>жиров 0.1g</p>\r\n\r\n<p>из них насыщенных 0.1g</p>\r\n\r\n<p>Углеводов 0.6g</p>\r\n\r\n<p>из них сахара 0.0g</p>\r\n\r\n<p>клетчатка 0.1g</p>\r\n\r\n<p>белка&nbsp;26g</p>\r\n', '<p>Сывороточные десерты EFECTIV содержат только лучший сыпучий ИЗОЛЯТ СЫВОРОТОЧНОГО БЕЛКА, производимый с использованием высококачественной микрофильтрации и процесса распылительной сушки и получаемый исключительно от источников молока травяного откорма (ЕС) . Выберите любой из соблазнительной &nbsp;коллекции вкус &nbsp;десерта с нулевым содержанием сахара и низким содержанием жира для вкуснейшего высоко протеинового коктейля . Идеально подходит для выпечки высоко протеиновых продуктов, закусок, или создания удивительно вкусных с низким содержанием жира полезных десертов для &nbsp;удовлетворения вашей тяги к сладостям &nbsp;без угрызений совести.</p>\r\n', '100%', 'ИЗОЛЯТ<br> БЕЛКА', '5', 'ИЗЫСКАННЫХ<br>ВКУСОВ', '0%', 'САХАРА<br>И ГЛЮТЕНА  ', 'f1872f13aa33d0477a674d37b036.png'),
(24, 'EFECTIV ФИРМЕННЫЙ ШЕЙКЕР', 'Простой и удобный в обращении шейкер ', 'a:1:{i:0;s:0:"";}', '', '<p>Фирменный шейкер &ndash; отличительная черта любого современного производителя спортивного питания.</p>\r\n\r\n<p>Простой и удобный в обращении шейкер от Efectiv Nutrition прекрасно подойдет для приготовления протеиновых шейков, напитков с BCAA, л-карнитином, изотоников. Объем 400мл, плотная крышка</p>\r\n', '', '', '', '', '', '', '0df398867b411e108be00c3b551a.png'),
(25, 'EFECTIV ALL-IN-ONE', 'Инновационный продукт', 'a:1:{i:0;s:0:"";}', '<p>Фасовка: 4 кг</p>\r\n\r\n<p>Размер порции: 3 мерных ложки (150 грамм)</p>\r\n\r\n<p>Порций в упаковке: ~27&nbsp;<br />\r\nСостав порции:</p>\r\n\r\n<p>Всего калорий: 584 ккал</p>\r\n\r\n<p>Белка: 51 гр</p>\r\n\r\n<p>Углеводов: 92 гр</p>\r\n\r\n<p>Сахаров: 9 гр</p>\r\n\r\n<p>Жиров: 1,3 гр</p>\r\n\r\n<p>Насыщенных жиров: 0,8 гр</p>\r\n\r\n<p>Клетчатка: 1,3 гр</p>\r\n\r\n<p>Натрий: 39 мг&nbsp;<br />\r\nВитамин D: 5 мкг Витамин E: 12 мг Витамин C: 80 мг Тиамин: 1.1 мг Рибофлавин: 1.4 мг Ниацин: 16.0 мг Пантотеновая кислота: 6.0 мг Витамин B6: 1.4 мг Витамин B12: 2.5 мкг&nbsp;<br />\r\nКалий: 344 мг Кальций: 514 мг Магний: 141 мг Фосфор: 423 мг Цинк: 5 мг Марганец: 1 мг Хром: 96 мкг Иные ингредиенты в порции: Креатина моногидрат: 3 гр Креатина HCl: 2 гр L-глютамин: 1.5 гр BCAA: 7 гр Альфа липоевая кислота: 50 мг Бета аланин: 500 мг</p>\r\n', '<p>Инновационный продукт, &nbsp;не имеющий аналогов на рынке. В каждой порции Efectiv Loaded 51 грамм белка и 92 грамма углеводов из ячменя, добавка двух форм креатина, бета-аланин, глютамин, BCAA, альфа-липоевая кислота, широкий спектр витаминов и минералов! Пищеварительные энзимы, чтобы все перечисленное полностью усвоилось и пошло на пользу! Продукт полностью заменяет комплексный прием пищи!&nbsp;</p>\r\n\r\n<p>&nbsp;</p>\r\n\r\n<div class="box_info_product_title">Применение</div>\r\n\r\n<p>&frac12;-2 порции в течение дня между приемами или вместо еды.</p>\r\n', '', '', '', '', '', '', '6e3a7349d02e0b105cf9ae24ac95.png'),
(26, 'EFECTIV ФИРМЕННЫЙ ШЕЙКЕР', 'Надежный, прочный, герметичность ШЕЙКЕР', 'a:1:{i:0;s:0:"";}', '', '<p>Фирменный шейкер &ndash; отличительная черта любого современного производителя спортивного питания.</p>\r\n\r\n<p>Простой и удобный в обращении шейкер от Efectiv Nutrition прекрасно подойдет для приготовления протеиновых шейков, напитков с BCAA, л-карнитином, изотоников. Объем 400мл, плотная крышка</p>\r\n', '', '', '', '', '', '', 'ea89d2872666946373ec7b23f24f.png');

-- --------------------------------------------------------

--
-- Структура таблицы `product_category`
--

CREATE TABLE IF NOT EXISTS `product_category` (
  `id_product` int(11) NOT NULL,
  `id_category` int(11) NOT NULL,
  `id` int(11) NOT NULL AUTO_INCREMENT,
  `position` int(11) NOT NULL,
  PRIMARY KEY (`id`),
  KEY `FK_product_category` (`id_product`),
  KEY `FK_product_category2` (`id_category`)
) ENGINE=InnoDB  DEFAULT CHARSET=utf8 AUTO_INCREMENT=313 ;

--
-- Дамп данных таблицы `product_category`
--

INSERT INTO `product_category` (`id_product`, `id_category`, `id`, `position`) VALUES
(3, 1, 1, 0),
(3, 3, 2, 0),
(24, 1, 80, 0),
(24, 3, 81, 0),
(24, 5, 82, 0),
(24, 6, 83, 0),
(24, 7, 84, 0),
(24, 8, 85, 0),
(17, 3, 260, -3),
(17, 7, 261, -3),
(18, 1, 266, -3),
(18, 6, 267, -3),
(15, 3, 268, -2),
(15, 5, 269, 0),
(15, 8, 270, 0),
(16, 3, 271, 0),
(16, 7, 272, 0),
(16, 8, 273, -2),
(16, 6, 274, -1),
(20, 3, 278, 0),
(20, 5, 279, -2),
(20, 6, 280, 0),
(20, 7, 281, -1),
(20, 8, 282, -1),
(21, 1, 288, -1),
(21, 5, 289, -1),
(21, 6, 290, 0),
(21, 7, 291, 0),
(21, 8, 292, 0),
(22, 7, 293, -2),
(22, 8, 294, 0),
(26, 1, 295, 0),
(26, 3, 296, 0),
(26, 7, 297, 0),
(26, 8, 298, 0),
(25, 1, 301, 0),
(25, 8, 302, -3),
(25, 6, 303, -2),
(19, 1, 304, -2),
(19, 6, 305, 0),
(19, 5, 306, -1),
(14, 3, 311, -1),
(14, 7, 312, 0);

-- --------------------------------------------------------

--
-- Структура таблицы `product_order`
--

CREATE TABLE IF NOT EXISTS `product_order` (
  `id` int(11) NOT NULL AUTO_INCREMENT,
  `id_product` int(11) DEFAULT NULL,
  `id_order` int(11) DEFAULT NULL,
  `name_product` varchar(255) DEFAULT NULL,
  `count_product` varchar(255) DEFAULT NULL,
  PRIMARY KEY (`id`),
  KEY `FK_product_order2` (`id_order`),
  KEY `FK_product_order` (`id_product`)
) ENGINE=InnoDB DEFAULT CHARSET=utf8 AUTO_INCREMENT=1 ;

-- --------------------------------------------------------

--
-- Структура таблицы `product_promo`
--

CREATE TABLE IF NOT EXISTS `product_promo` (
  `id` int(11) NOT NULL AUTO_INCREMENT,
  `id_product` int(11) NOT NULL,
  `id_promo` int(11) NOT NULL,
  PRIMARY KEY (`id`),
  KEY `FK_product_promo` (`id_promo`),
  KEY `FK_product_promo2` (`id_product`)
) ENGINE=InnoDB  DEFAULT CHARSET=utf8 AUTO_INCREMENT=137 ;

--
-- Дамп данных таблицы `product_promo`
--

INSERT INTO `product_promo` (`id`, `id_product`, `id_promo`) VALUES
(1, 3, 1),
(2, 3, 2),
(3, 3, 3),
(108, 17, 1),
(109, 17, 3),
(114, 18, 1),
(115, 18, 2),
(116, 16, 1),
(117, 16, 2),
(122, 21, 1),
(123, 21, 2),
(124, 21, 3),
(126, 19, 1),
(127, 19, 2),
(128, 19, 3),
(134, 14, 1),
(135, 14, 2),
(136, 14, 3);

-- --------------------------------------------------------

--
-- Структура таблицы `product_taste_volume`
--

CREATE TABLE IF NOT EXISTS `product_taste_volume` (
  `id` int(11) NOT NULL AUTO_INCREMENT,
  `id_product` int(11) NOT NULL,
  `id_taste` int(11) NOT NULL,
  `id_volume` int(11) NOT NULL,
  PRIMARY KEY (`id`),
  KEY `FK_product_taste_volume` (`id_volume`),
  KEY `FK_product_taste_volume2` (`id_taste`),
  KEY `FK_product_taste_volume3` (`id_product`)
) ENGINE=InnoDB  DEFAULT CHARSET=utf8 AUTO_INCREMENT=202 ;

--
-- Дамп данных таблицы `product_taste_volume`
--

INSERT INTO `product_taste_volume` (`id`, `id_product`, `id_taste`, `id_volume`) VALUES
(81, 24, 8, 17),
(174, 17, 8, 14),
(178, 18, 11, 6),
(179, 18, 5, 6),
(180, 15, 8, 13),
(181, 16, 6, 7),
(182, 16, 5, 7),
(183, 16, 7, 7),
(185, 20, 8, 14),
(187, 21, 10, 15),
(188, 22, 3, 16),
(189, 22, 2, 16),
(190, 22, 4, 16),
(191, 22, 11, 16),
(192, 22, 5, 16),
(193, 26, 8, 17),
(196, 25, 5, 5),
(197, 25, 11, 5),
(198, 19, 8, 12),
(201, 14, 8, 13);

-- --------------------------------------------------------

--
-- Структура таблицы `promo`
--

CREATE TABLE IF NOT EXISTS `promo` (
  `id` int(11) NOT NULL AUTO_INCREMENT,
  `preview` varchar(32) NOT NULL,
  PRIMARY KEY (`id`)
) ENGINE=InnoDB  DEFAULT CHARSET=utf8 AUTO_INCREMENT=4 ;

--
-- Дамп данных таблицы `promo`
--

INSERT INTO `promo` (`id`, `preview`) VALUES
(1, 'e9ea115b830c1c2e6a019aa53cf3.png'),
(2, '41a956ce2049a9f6187dfdae4175.png'),
(3, 'f75bd12b0728353f72025d913d28.png');

-- --------------------------------------------------------

--
-- Структура таблицы `reviews`
--

CREATE TABLE IF NOT EXISTS `reviews` (
  `id` int(11) NOT NULL AUTO_INCREMENT,
  `preview` varchar(64) NOT NULL,
  `name` varchar(64) NOT NULL,
  `review` text NOT NULL,
  `page` int(11) NOT NULL,
  PRIMARY KEY (`id`)
) ENGINE=InnoDB  DEFAULT CHARSET=utf8 AUTO_INCREMENT=13 ;

--
-- Дамп данных таблицы `reviews`
--

INSERT INTO `reviews` (`id`, `preview`, `name`, `review`, `page`) VALUES
(12, 'd84899a307468e051d24eeb1bf86.png', 'Виктор Мельников', '<p>&nbsp; &nbsp;Обращался в эту компанию уже 2 раза. Очень нравится то, что техника приходит на объект без опоздания. Водители все ответственные, справляются с поставленными задачами в установленный срок. Цены обычные - не больше ни меньше чем у других. Но при таком отношении и качестве арендуемой техники цены вполне приемлимые.</p>\r\n', 2);

-- --------------------------------------------------------

--
-- Структура таблицы `taste`
--

CREATE TABLE IF NOT EXISTS `taste` (
  `id` int(11) NOT NULL AUTO_INCREMENT,
  `name` varchar(64) NOT NULL,
  `preview` varchar(64) NOT NULL,
  PRIMARY KEY (`id`)
) ENGINE=InnoDB  DEFAULT CHARSET=utf8 AUTO_INCREMENT=13 ;

--
-- Дамп данных таблицы `taste`
--

INSERT INTO `taste` (`id`, `name`, `preview`) VALUES
(1, 'БАНАНО-КРЕМОВЫЙ', 'db1b1dfa9e8bb497c790a64bcf7c.png'),
(2, 'ЛИМОННЫЙ ЧИЗКЕЙК ', '0eb3d251f0b860d2f66327fa3d6c.png'),
(3, 'ШОКОЛАДНАЯ МЯТА ', 'ad52eb6f52b248b8c3cef27e1222.png'),
(4, 'КЛУБНИЧНЫЙ ЧИЗКЕЙК ', 'c4562262b057075f1af9d785c5b1.png'),
(5, 'ДВОЙНОЙ ШОКОЛАД', '4ee7f452d413e82c46d3ffd6301a.png'),
(6, 'ВАНИЛЬНО-КРЕМОВЫЙ', '909eba85996a7ee61b012689fb05.png'),
(7, 'ШОКОЛАДНО-АРАХИСОВОЕ МАСЛО ', '546adcc20819dba193f3ac6a0f92.png'),
(8, 'без вкуса', '3bc883561e35a3cd975a69fbe1d1.jpg'),
(9, 'Лимон', '9fe70e78a2890cd54864eaf94973.png'),
(10, 'ВИШНЕВЫЙ ПУНШ', 'f59c91d2b05926f85be271291447.png'),
(11, 'Ваниль', '6d983b6bdb1084514ebd0eed6bc5.png'),
(12, 'Клубника', '90ddb485c13a2ed27bbc9037f42d.png');

-- --------------------------------------------------------

--
-- Структура таблицы `user`
--

CREATE TABLE IF NOT EXISTS `user` (
  `id` int(11) NOT NULL AUTO_INCREMENT,
  `login` varchar(16) NOT NULL,
  `password` varchar(64) NOT NULL,
  `date_create` int(11) NOT NULL,
  PRIMARY KEY (`id`),
  UNIQUE KEY `login` (`login`)
) ENGINE=InnoDB  DEFAULT CHARSET=utf8 AUTO_INCREMENT=2 ;

--
-- Дамп данных таблицы `user`
--

INSERT INTO `user` (`id`, `login`, `password`, `date_create`) VALUES
(1, 'admin', '$2y$13$xns6lXV./r.a9zPDw33uf.Mxfl6K9WCwIoPoRDDIhlI2CPthfg2Aq', 10000);

-- --------------------------------------------------------

--
-- Структура таблицы `volume`
--

CREATE TABLE IF NOT EXISTS `volume` (
  `id` int(11) NOT NULL AUTO_INCREMENT,
  `value` varchar(16) NOT NULL,
  PRIMARY KEY (`id`)
) ENGINE=InnoDB  DEFAULT CHARSET=utf8 AUTO_INCREMENT=18 ;

--
-- Дамп данных таблицы `volume`
--

INSERT INTO `volume` (`id`, `value`) VALUES
(1, '10 мл'),
(2, '75 мл'),
(3, '100 мл'),
(4, '1 кг'),
(5, '4 кг'),
(6, '5,46 кг'),
(7, '2 кг'),
(8, '420 гр.'),
(9, '180 таблеток'),
(10, '90 таблеток'),
(11, '180 порций'),
(12, '400 гр.'),
(13, '90 капсул'),
(14, '180 капсул'),
(15, '420 гр.'),
(16, '908 гр.'),
(17, '400 мл');

--
-- Ограничения внешнего ключа сохраненных таблиц
--

--
-- Ограничения внешнего ключа таблицы `product_order`
--
ALTER TABLE `product_order`
  ADD CONSTRAINT `FK_product_order2` FOREIGN KEY (`id_order`) REFERENCES `orderForm` (`id`) ON DELETE NO ACTION ON UPDATE NO ACTION;

--
-- Ограничения внешнего ключа таблицы `product_taste_volume`
--
ALTER TABLE `product_taste_volume`
  ADD CONSTRAINT `FK_product_taste_volume` FOREIGN KEY (`id_volume`) REFERENCES `volume` (`id`) ON DELETE NO ACTION ON UPDATE NO ACTION,
  ADD CONSTRAINT `FK_product_taste_volume2` FOREIGN KEY (`id_taste`) REFERENCES `taste` (`id`) ON DELETE NO ACTION ON UPDATE NO ACTION,
  ADD CONSTRAINT `FK_product_taste_volume3` FOREIGN KEY (`id_product`) REFERENCES `product` (`id`) ON DELETE NO ACTION ON UPDATE NO ACTION;

/*!40101 SET CHARACTER_SET_CLIENT=@OLD_CHARACTER_SET_CLIENT */;
/*!40101 SET CHARACTER_SET_RESULTS=@OLD_CHARACTER_SET_RESULTS */;
/*!40101 SET COLLATION_CONNECTION=@OLD_COLLATION_CONNECTION */;
